ID,valence
10011.pkl,3.173593044281006
10025.pkl,2.587911605834961
10033.pkl,4.055475234985352
10036.pkl,2.98371958732605
10043.pkl,3.7175655364990234
10067.pkl,3.1431736946105957
10074.pkl,3.0541164875030518
10079.pkl,3.20310378074646
10083.pkl,3.878688335418701
10090.pkl,3.169896364212036
10092.pkl,3.6504836082458496
10097.pkl,3.0716915130615234
10099.pkl,2.5841965675354004
10110.pkl,2.5205655097961426
10116.pkl,3.132282257080078
10120.pkl,2.8077495098114014
10149.pkl,2.7670021057128906
10179.pkl,3.071568012237549
10184.pkl,3.0652661323547363
10189.pkl,2.9849016666412354
10191.pkl,3.245591878890991
10192.pkl,2.2948989868164062
10194.pkl,4.047280788421631
10200.pkl,3.4444289207458496
10202.pkl,2.9212255477905273
10204.pkl,3.2061545848846436
10206.pkl,2.9876716136932373
10207.pkl,3.0375375747680664
10216.pkl,3.466446876525879
10222.pkl,3.091953992843628
10224.pkl,3.055366039276123
10235.pkl,2.851449489593506
10236.pkl,3.1836254596710205
10240.pkl,1.0554119348526
10242.pkl,2.512920618057251
10251.pkl,2.891937732696533
10253.pkl,3.1910157203674316
10259.pkl,2.8572113513946533
10267.pkl,3.1399002075195312
10271.pkl,3.1460165977478027
10277.pkl,2.968867063522339
10279.pkl,2.8719136714935303
10286.pkl,3.093351125717163
10287.pkl,3.050258159637451
10288.pkl,2.7972748279571533
10290.pkl,2.4181394577026367
10291.pkl,3.585967779159546
10293.pkl,3.0968704223632812
10306.pkl,3.6006176471710205
10315.pkl,2.991956949234009
10316.pkl,2.950444221496582
10317.pkl,3.146770477294922
10326.pkl,2.3583831787109375
10332.pkl,2.6673431396484375
10335.pkl,2.7440106868743896
10349.pkl,3.0119102001190186
10351.pkl,2.4909095764160156
10356.pkl,2.887436866760254
10359.pkl,2.7793030738830566
10363.pkl,3.513262987136841
10376.pkl,2.838489294052124
10379.pkl,1.4957035779953003
10380.pkl,2.252385139465332
10383.pkl,2.9275741577148438
10384.pkl,3.177516222000122
10390.pkl,3.275390625
10394.pkl,1.5735838413238525
10398.pkl,2.462700605392456
10405.pkl,3.0822205543518066
10415.pkl,2.3324151039123535
10421.pkl,2.7317676544189453
10425.pkl,3.2877917289733887
10427.pkl,3.1729812622070312
10433.pkl,4.127638816833496
10444.pkl,2.7658379077911377
10450.pkl,2.761596202850342
10452.pkl,2.6931703090667725
10457.pkl,3.3376173973083496
10462.pkl,3.0376739501953125
10466.pkl,3.8200085163116455
10467.pkl,3.5758726596832275
10472.pkl,2.9552550315856934
10481.pkl,2.3485851287841797
10489.pkl,2.7969348430633545
10506.pkl,3.1217477321624756
10507.pkl,2.1864511966705322
10513.pkl,2.0969440937042236
10518.pkl,3.124000310897827
10528.pkl,3.0032076835632324
10529.pkl,2.4265778064727783
10533.pkl,3.6858749389648438
10535.pkl,2.3998870849609375
10539.pkl,3.13893985748291
10543.pkl,2.8494057655334473
10552.pkl,3.470780849456787
10553.pkl,3.5041940212249756
10558.pkl,2.9992761611938477
10559.pkl,3.352085590362549
10560.pkl,2.9556803703308105
10561.pkl,2.2545032501220703
10589.pkl,3.3269097805023193
10612.pkl,3.0946671962738037
10620.pkl,3.0526957511901855
10627.pkl,3.064236879348755
10629.pkl,2.6689016819000244
10631.pkl,3.197319507598877
10638.pkl,2.1876754760742188
10646.pkl,3.3138108253479004
10655.pkl,3.0494019985198975
10658.pkl,3.1312289237976074
10663.pkl,3.0904176235198975
10679.pkl,2.961318016052246
10681.pkl,2.0807547569274902
10687.pkl,3.0111262798309326
10695.pkl,3.2531967163085938
10711.pkl,2.8164114952087402
10712.pkl,3.105144739151001
10718.pkl,3.0075953006744385
10721.pkl,2.5003740787506104
10723.pkl,3.033296823501587
10724.pkl,2.9831860065460205
10733.pkl,3.3544509410858154
10735.pkl,2.8863131999969482
10749.pkl,2.8978288173675537
10756.pkl,3.009734630584717
10757.pkl,1.7991081476211548
10767.pkl,2.9313409328460693
10771.pkl,2.985311985015869
10776.pkl,3.2155520915985107
10787.pkl,4.0036187171936035
10790.pkl,1.9438248872756958
10792.pkl,2.875391960144043
10793.pkl,2.9081320762634277
10800.pkl,2.917875289916992
10801.pkl,2.5982422828674316
10802.pkl,2.870966672897339
10810.pkl,2.5030934810638428
10833.pkl,2.851003646850586
10835.pkl,3.3139419555664062
10839.pkl,2.0772197246551514
10840.pkl,3.5156869888305664
10846.pkl,2.9654250144958496
10851.pkl,3.4222192764282227
10857.pkl,3.5462896823883057
10865.pkl,2.205277919769287
10883.pkl,3.0525858402252197
10884.pkl,2.2781174182891846
10886.pkl,2.768298387527466
10890.pkl,2.135422468185425
10895.pkl,2.9578161239624023
10900.pkl,2.713776111602783
10903.pkl,3.1117358207702637
10909.pkl,3.6945102214813232
10914.pkl,3.0460565090179443
10924.pkl,2.913990020751953
10940.pkl,3.173842191696167
10941.pkl,2.8903772830963135
10944.pkl,2.936549663543701
10956.pkl,2.4787237644195557
10975.pkl,2.9129891395568848
10979.pkl,3.176543712615967
10981.pkl,3.047208309173584
10987.pkl,3.936572790145874
10993.pkl,2.831716537475586
10994.pkl,3.3614485263824463
11004.pkl,2.566462278366089
11007.pkl,2.9013640880584717
11009.pkl,3.3021903038024902
11011.pkl,2.9579880237579346
11021.pkl,3.0334975719451904
11024.pkl,3.169100522994995
11041.pkl,2.0489068031311035
11043.pkl,2.4264039993286133
11049.pkl,3.5011250972747803
11052.pkl,2.8032116889953613
11055.pkl,3.714104652404785
11075.pkl,3.127427339553833
11083.pkl,2.5292766094207764
11093.pkl,3.0006754398345947
11102.pkl,3.325315475463867
11120.pkl,3.1496663093566895
11121.pkl,3.2245614528656006
11128.pkl,2.765864133834839
11129.pkl,3.55796217918396
11143.pkl,3.3737356662750244
11144.pkl,2.7940471172332764
11150.pkl,1.037896752357483
11175.pkl,3.0557849407196045
11191.pkl,3.3623857498168945
11193.pkl,3.396815538406372
11201.pkl,3.0192787647247314
11209.pkl,3.298403024673462
11236.pkl,2.911728620529175
11237.pkl,2.962710380554199
11240.pkl,3.367588520050049
11243.pkl,2.7257204055786133
11244.pkl,2.43430233001709
11255.pkl,3.1395201683044434
11257.pkl,2.341468572616577
11267.pkl,2.887632369995117
11272.pkl,3.1291959285736084
11283.pkl,2.6946165561676025
11289.pkl,2.8050243854522705
11293.pkl,2.4638049602508545
11301.pkl,2.8783326148986816
11315.pkl,2.9455864429473877
11319.pkl,2.148141622543335
11322.pkl,3.0080199241638184
11326.pkl,3.1839892864227295
11327.pkl,3.2980334758758545
11328.pkl,3.2176194190979004
11338.pkl,3.0803794860839844
11347.pkl,3.156367778778076
11351.pkl,3.238666534423828
11362.pkl,3.047675848007202
11365.pkl,2.8427271842956543
11366.pkl,2.841762065887451
11367.pkl,3.0761632919311523
11373.pkl,2.8512542247772217
11379.pkl,3.0932226181030273
11382.pkl,2.7695796489715576
11395.pkl,2.8097143173217773
11398.pkl,3.1637368202209473
11406.pkl,4.403111457824707
11411.pkl,2.943390369415283
11415.pkl,2.628647565841675
11423.pkl,4.097012996673584
11426.pkl,3.1958882808685303
11454.pkl,3.231048345565796
11455.pkl,2.7211008071899414
11461.pkl,3.0069026947021484
11463.pkl,2.9580881595611572
11480.pkl,2.975604295730591
11483.pkl,2.7749996185302734
11491.pkl,3.071312665939331
11494.pkl,3.252312660217285
11512.pkl,3.1705548763275146
11514.pkl,3.0623910427093506
11521.pkl,3.359683036804199
11524.pkl,3.882580280303955
11525.pkl,2.607738733291626
11529.pkl,2.514195203781128
11540.pkl,3.446702718734741
11547.pkl,3.3188207149505615
11553.pkl,3.2213897705078125
11556.pkl,3.2528412342071533
11561.pkl,3.0982954502105713
11575.pkl,2.716721534729004
11576.pkl,3.644307851791382
11577.pkl,2.0279927253723145
11583.pkl,2.7355568408966064
11584.pkl,3.077471971511841
11591.pkl,3.4226624965667725
11618.pkl,3.712351083755493
11620.pkl,3.2786366939544678
11625.pkl,3.029860496520996
11626.pkl,3.106478214263916
11631.pkl,3.24558687210083
11636.pkl,1.6622865200042725
11641.pkl,3.001516103744507
11646.pkl,3.3820605278015137
11649.pkl,3.448824167251587
11653.pkl,1.2117747068405151
11658.pkl,2.757781982421875
11659.pkl,3.1074955463409424
11670.pkl,2.9124882221221924
11687.pkl,3.2332053184509277
11699.pkl,4.064572811126709
11700.pkl,3.068650245666504
11703.pkl,2.9282970428466797
11704.pkl,3.323486328125
11710.pkl,3.5151255130767822
11713.pkl,3.363093376159668
11724.pkl,2.7704131603240967
11728.pkl,3.079890251159668
11735.pkl,3.3844406604766846
11745.pkl,3.1464056968688965
11751.pkl,3.39200496673584
11756.pkl,3.1847667694091797
11761.pkl,3.4319796562194824
11777.pkl,3.019598960876465
11790.pkl,1.5467958450317383
11796.pkl,2.5898661613464355
11804.pkl,3.007197141647339
11822.pkl,2.92752742767334
11839.pkl,3.029771566390991
11846.pkl,3.103548288345337
11848.pkl,3.030334711074829
11851.pkl,3.0238265991210938
11853.pkl,2.939014196395874
11861.pkl,2.832155466079712
11871.pkl,2.4742839336395264
11873.pkl,2.97711443901062
11874.pkl,2.979055881500244
11876.pkl,2.666999101638794
11878.pkl,3.1107020378112793
11889.pkl,2.8581411838531494
11895.pkl,3.108238935470581
11898.pkl,2.17635440826416
11937.pkl,3.2309587001800537
11938.pkl,2.893263101577759
11946.pkl,3.497453451156616
11950.pkl,2.7330520153045654
11953.pkl,2.9578428268432617
11955.pkl,3.0185115337371826
11967.pkl,0.8985207080841064
11970.pkl,2.895754814147949
11985.pkl,3.2355599403381348
11987.pkl,3.4269821643829346
11989.pkl,2.4777650833129883
11990.pkl,2.9381299018859863
11992.pkl,3.1415634155273438
11996.pkl,3.491816282272339
12005.pkl,3.2848753929138184
12018.pkl,3.491452693939209
12019.pkl,2.9422688484191895
12024.pkl,3.8558430671691895
12025.pkl,3.2890360355377197
12029.pkl,2.8921399116516113
12030.pkl,3.597003221511841
12032.pkl,2.249178647994995
12035.pkl,2.9091804027557373
12036.pkl,2.844019889831543
12037.pkl,3.5828003883361816
12040.pkl,2.66158127784729
12042.pkl,3.1145179271698
12047.pkl,1.5046595335006714
12051.pkl,3.1685900688171387
12055.pkl,2.1431026458740234
12058.pkl,3.0361168384552
12059.pkl,2.989532947540283
12070.pkl,2.811941385269165
12080.pkl,2.5813610553741455
12081.pkl,0.925820529460907
12087.pkl,3.6613080501556396
12091.pkl,3.166078805923462
12093.pkl,2.920919179916382
12095.pkl,3.0850071907043457
12099.pkl,2.817538261413574
12138.pkl,3.2412302494049072
12139.pkl,3.145317316055298
12152.pkl,2.9951438903808594
12153.pkl,2.8979640007019043
12164.pkl,2.892899751663208
12165.pkl,3.3151233196258545
12171.pkl,2.1232101917266846
12185.pkl,3.255915880203247
12189.pkl,2.4205408096313477
12197.pkl,2.8635146617889404
12211.pkl,3.0858559608459473
12233.pkl,3.0624759197235107
12240.pkl,3.055171251296997
12247.pkl,2.4123482704162598
12250.pkl,2.4868619441986084
12254.pkl,4.289498329162598
12258.pkl,2.9867160320281982
12264.pkl,2.70531964302063
12269.pkl,2.8364474773406982
12275.pkl,2.9158592224121094
12278.pkl,3.0297513008117676
12287.pkl,2.266170024871826
12290.pkl,2.976102828979492
12293.pkl,3.5874245166778564
12294.pkl,3.0945334434509277
12295.pkl,2.319601058959961
12304.pkl,2.728703022003174
12311.pkl,2.978610038757324
12317.pkl,3.1554043292999268
12324.pkl,3.612499952316284
12335.pkl,2.666491746902466
12347.pkl,0.42028167843818665
12356.pkl,3.0247719287872314
12361.pkl,2.23960542678833
12393.pkl,2.654684066772461
12395.pkl,2.705298900604248
12397.pkl,3.806558847427368
12404.pkl,3.098952293395996
12412.pkl,3.028609037399292
12418.pkl,3.628105640411377
12419.pkl,3.196991443634033
12420.pkl,3.037722110748291
12429.pkl,2.376540422439575
12441.pkl,2.528653383255005
12456.pkl,2.679302930831909
12458.pkl,2.449312925338745
12462.pkl,3.816030740737915
12466.pkl,1.3383337259292603
12470.pkl,3.1434555053710938
12478.pkl,2.667348861694336
12479.pkl,3.466296434402466
12497.pkl,2.978182077407837
12503.pkl,2.9387505054473877
12525.pkl,2.918442487716675
12530.pkl,2.6506400108337402
12531.pkl,3.1140265464782715
12556.pkl,3.2069315910339355
12564.pkl,3.27337646484375
12565.pkl,3.1139910221099854
12582.pkl,4.840687274932861
12588.pkl,2.533450126647949
12593.pkl,2.971708059310913
12602.pkl,3.250739574432373
12604.pkl,1.526847004890442
12609.pkl,3.0139851570129395
12613.pkl,4.214620113372803
12614.pkl,3.0924556255340576
12623.pkl,3.224658489227295
12624.pkl,2.4256625175476074
12626.pkl,2.883157253265381
12633.pkl,3.164250373840332
12634.pkl,2.8411223888397217
12644.pkl,3.0930118560791016
12645.pkl,2.727881669998169
12652.pkl,2.614884853363037
12658.pkl,3.8831682205200195
12661.pkl,2.9379100799560547
12669.pkl,3.1362693309783936
12678.pkl,3.4692749977111816
12680.pkl,3.048438310623169
12681.pkl,3.1425251960754395
12683.pkl,2.871290445327759
12684.pkl,3.1813104152679443
12685.pkl,3.1139466762542725
12692.pkl,3.33095121383667
12693.pkl,2.582735300064087
12704.pkl,3.2176620960235596
12710.pkl,2.7042324542999268
12729.pkl,3.134594202041626
12735.pkl,2.9894895553588867
12739.pkl,2.762971878051758
12756.pkl,3.0807149410247803
12758.pkl,2.9830162525177
12768.pkl,3.310610055923462
12770.pkl,3.0808873176574707
12779.pkl,3.2182300090789795
12797.pkl,3.22696590423584
12798.pkl,2.6152968406677246
12802.pkl,2.410473108291626
12808.pkl,2.644775867462158
12812.pkl,3.0624077320098877
12814.pkl,3.6219186782836914
12828.pkl,2.5855414867401123
12829.pkl,3.005619525909424
12836.pkl,3.241482973098755
12844.pkl,2.5029420852661133
12864.pkl,3.5045711994171143
12868.pkl,2.1594276428222656
12879.pkl,3.0238852500915527
12882.pkl,2.2012269496917725
12902.pkl,2.9539222717285156
12906.pkl,2.9918274879455566
12913.pkl,3.4908413887023926
12915.pkl,3.950870990753174
12916.pkl,3.5780892372131348
12918.pkl,3.095090866088867
12921.pkl,3.124622344970703
12924.pkl,3.1327288150787354
12927.pkl,1.8221914768218994
12932.pkl,2.713594436645508
12937.pkl,3.5000665187835693
12945.pkl,3.1357972621917725
12959.pkl,3.6545464992523193
12974.pkl,3.6512603759765625
12986.pkl,2.6089894771575928
12987.pkl,2.908013343811035
12997.pkl,2.5783498287200928
13003.pkl,3.768212080001831
13005.pkl,3.8291726112365723
13009.pkl,2.9193637371063232
13013.pkl,3.1632027626037598
13017.pkl,2.9745757579803467
13018.pkl,3.333313465118408
13029.pkl,3.0232276916503906
13031.pkl,2.75824236869812
13034.pkl,3.0432188510894775
13040.pkl,2.2128586769104004
13041.pkl,3.089670419692993
13042.pkl,3.1100683212280273
13043.pkl,2.9466614723205566
13046.pkl,2.6956546306610107
13051.pkl,3.2773821353912354
13054.pkl,2.3396658897399902
13055.pkl,3.2905449867248535
13058.pkl,3.3988683223724365
13060.pkl,2.236705780029297
13070.pkl,3.50553035736084
13080.pkl,3.418719530105591
13083.pkl,1.4417091608047485
13096.pkl,2.9373056888580322
13097.pkl,2.984754800796509
13101.pkl,1.4870827198028564
13111.pkl,2.9756760597229004
13118.pkl,3.124748468399048
13125.pkl,3.0922162532806396
13127.pkl,2.948477029800415
13137.pkl,2.966348886489868
13154.pkl,3.3039915561676025
13162.pkl,3.078477144241333
13166.pkl,3.5441625118255615
13170.pkl,2.9626338481903076
13188.pkl,2.9107935428619385
13205.pkl,2.9099671840667725
13226.pkl,2.903792142868042
13228.pkl,2.9802982807159424
13236.pkl,3.405160427093506
13237.pkl,2.65018630027771
13253.pkl,2.550323486328125
13259.pkl,0.7887129783630371
13265.pkl,3.9493067264556885
13286.pkl,3.143028736114502
13294.pkl,2.4924583435058594
13296.pkl,1.901075839996338
13302.pkl,1.7065658569335938
13307.pkl,3.1000256538391113
13316.pkl,2.8744728565216064
13318.pkl,3.559790849685669
13324.pkl,1.7951749563217163
13344.pkl,3.1170363426208496
13363.pkl,2.2700767517089844
13372.pkl,2.9683685302734375
13373.pkl,2.90104341506958
13374.pkl,3.361539840698242
13379.pkl,3.2748281955718994
13382.pkl,3.4563674926757812
13399.pkl,2.9142472743988037
13405.pkl,3.188373327255249
13406.pkl,3.5556387901306152
13408.pkl,3.901082992553711
13409.pkl,3.026125192642212
13412.pkl,2.9979686737060547
13416.pkl,3.0819034576416016
13429.pkl,2.2821731567382812
13430.pkl,3.095263957977295
13436.pkl,2.8573832511901855
13437.pkl,2.7689952850341797
13439.pkl,3.3256242275238037
13441.pkl,2.4657373428344727
13443.pkl,1.7278399467468262
13449.pkl,2.833468198776245
13464.pkl,2.6507012844085693
13478.pkl,3.996201992034912
13479.pkl,3.3292293548583984
13487.pkl,2.1218316555023193
13490.pkl,3.598893404006958
13497.pkl,3.085981607437134
13504.pkl,2.9110498428344727
13507.pkl,2.4915072917938232
13508.pkl,3.0875442028045654
13511.pkl,3.096687078475952
13514.pkl,3.0664803981781006
13515.pkl,3.4092776775360107
13516.pkl,3.2294929027557373
13519.pkl,3.083875894546509
13520.pkl,3.912454605102539
13527.pkl,2.8105990886688232
13534.pkl,3.3766913414001465
13538.pkl,2.8824586868286133
13549.pkl,3.3408069610595703
13551.pkl,3.013545513153076
13556.pkl,2.9942307472229004
13568.pkl,2.8030810356140137
13572.pkl,3.0868399143218994
13574.pkl,3.585437297821045
13578.pkl,3.1375532150268555
13591.pkl,2.8609015941619873
13594.pkl,3.0794060230255127
13595.pkl,3.407261371612549
13601.pkl,2.7777462005615234
13612.pkl,3.330035448074341
13615.pkl,3.283602237701416
13624.pkl,2.8885810375213623
13625.pkl,2.9491944313049316
13637.pkl,2.7339608669281006
13638.pkl,3.1470041275024414
13644.pkl,3.1495797634124756
13654.pkl,1.4935383796691895
13655.pkl,3.274336814880371
13671.pkl,1.8295954465866089
13678.pkl,3.4472098350524902
13684.pkl,3.587289810180664
13686.pkl,3.016273021697998
13692.pkl,2.889270067214966
13693.pkl,3.3179984092712402
13697.pkl,3.039114475250244
13698.pkl,2.9317452907562256
13700.pkl,1.9170236587524414
13711.pkl,3.117342948913574
13726.pkl,2.868300199508667
13731.pkl,3.0974066257476807
13741.pkl,4.088016033172607
13751.pkl,2.801180601119995
13753.pkl,2.8418166637420654
13759.pkl,2.7762577533721924
13766.pkl,1.654561161994934
13773.pkl,2.6105644702911377
13777.pkl,2.8141062259674072
13784.pkl,3.2746164798736572
13789.pkl,3.02469539642334
13795.pkl,3.1149306297302246
13797.pkl,2.7614123821258545
13805.pkl,3.098193645477295
13819.pkl,2.910283327102661
13820.pkl,3.0120625495910645
13821.pkl,3.483952760696411
13823.pkl,2.9052839279174805
13827.pkl,3.6252360343933105
13828.pkl,3.1522016525268555
13831.pkl,1.706396222114563
13833.pkl,4.248188018798828
13835.pkl,3.404222011566162
13837.pkl,3.0080854892730713
13839.pkl,3.829543113708496
13845.pkl,3.184580087661743
13855.pkl,2.854799270629883
13873.pkl,3.2103002071380615
13891.pkl,2.883518695831299
13895.pkl,3.0259130001068115
13903.pkl,2.8597941398620605
13911.pkl,3.069871425628662
13931.pkl,2.8981692790985107
13932.pkl,2.9898486137390137
13957.pkl,2.872605323791504
13962.pkl,2.867064952850342
13963.pkl,3.2070908546447754
13965.pkl,2.8798937797546387
13967.pkl,3.6521072387695312
13970.pkl,3.1933908462524414
13992.pkl,2.9356536865234375
14000.pkl,3.0233092308044434
14020.pkl,3.2191638946533203
14021.pkl,2.8115432262420654
14027.pkl,2.8313515186309814
14029.pkl,2.99129319190979
14038.pkl,2.855207920074463
14043.pkl,3.1068291664123535
14053.pkl,3.186824083328247
14057.pkl,2.8647913932800293
14068.pkl,2.6529364585876465
14079.pkl,2.3521370887756348
14089.pkl,3.052325487136841
14092.pkl,3.0072503089904785
14094.pkl,2.978111743927002
14096.pkl,3.082515001296997
14106.pkl,2.9290337562561035
14107.pkl,2.9497852325439453
14110.pkl,2.7137813568115234
14111.pkl,3.009556293487549
14115.pkl,2.2587392330169678
14123.pkl,3.0454261302948
14139.pkl,2.8487234115600586
14142.pkl,2.5082828998565674
14149.pkl,3.134763240814209
14151.pkl,2.7121329307556152
14154.pkl,2.9517369270324707
14160.pkl,2.9619998931884766
14162.pkl,3.1744585037231445
14170.pkl,2.967984914779663
14171.pkl,2.9761831760406494
14172.pkl,3.137028455734253
14174.pkl,2.8108322620391846
14175.pkl,2.8817248344421387
14184.pkl,3.255422830581665
14192.pkl,3.115328311920166
14196.pkl,2.833359956741333
14198.pkl,2.5496060848236084
14201.pkl,2.996166706085205
14209.pkl,2.0592222213745117
14212.pkl,3.258547782897949
14223.pkl,3.273787498474121
14231.pkl,2.7718183994293213
14237.pkl,2.8648977279663086
14238.pkl,1.7983654737472534
14242.pkl,3.3100802898406982
14248.pkl,2.9764604568481445
14249.pkl,2.980114459991455
14254.pkl,3.30311918258667
14256.pkl,2.9486827850341797
14258.pkl,2.9135684967041016
14263.pkl,3.022084951400757
14269.pkl,2.9056015014648438
14272.pkl,2.9228134155273438
14273.pkl,2.890838861465454
14289.pkl,2.8583006858825684
14297.pkl,3.0795750617980957
14303.pkl,2.970022201538086
14304.pkl,2.772252082824707
14306.pkl,3.5600225925445557
14307.pkl,2.926133632659912
14319.pkl,3.419665575027466
14322.pkl,3.4028422832489014
14324.pkl,3.008606195449829
14325.pkl,2.894617795944214
14333.pkl,3.3453011512756348
14339.pkl,4.435014724731445
14345.pkl,2.8911380767822266
14353.pkl,2.8892176151275635
14365.pkl,3.0015804767608643
14377.pkl,2.772022247314453
14378.pkl,3.062241792678833
14385.pkl,2.754868984222412
14394.pkl,2.8165857791900635
14411.pkl,2.542725086212158
14417.pkl,3.3052847385406494
14429.pkl,2.9588611125946045
14439.pkl,2.893110752105713
14441.pkl,2.870630979537964
14442.pkl,3.0147666931152344
14446.pkl,3.1769869327545166
14448.pkl,1.7985942363739014
14453.pkl,3.0780422687530518
14461.pkl,2.8386988639831543
14462.pkl,2.7378313541412354
14464.pkl,3.119638681411743
14467.pkl,2.88733172416687
14470.pkl,2.9250054359436035
14472.pkl,2.7812674045562744
14478.pkl,2.8475239276885986
14485.pkl,2.853628158569336
14487.pkl,3.090754270553589
14491.pkl,2.993882179260254
14494.pkl,3.084059953689575
14495.pkl,2.8984296321868896
14519.pkl,3.3001205921173096
14520.pkl,3.1620113849639893
14521.pkl,3.1773757934570312
14529.pkl,2.814838409423828
14534.pkl,3.442176103591919
14542.pkl,3.0882060527801514
14548.pkl,2.8456971645355225
14562.pkl,2.7869997024536133
14567.pkl,3.112131118774414
14568.pkl,3.000062942504883
14577.pkl,2.8222200870513916
14584.pkl,2.8711867332458496
14586.pkl,3.259535551071167
14593.pkl,2.967359781265259
14595.pkl,3.0230588912963867
14596.pkl,2.8424735069274902
14602.pkl,3.1481847763061523
14605.pkl,2.7879927158355713
14608.pkl,2.946822166442871
14616.pkl,2.7704989910125732
14618.pkl,2.8969132900238037
14630.pkl,3.1630802154541016
14634.pkl,2.9399828910827637
14636.pkl,3.21337628364563
14639.pkl,3.6460177898406982
14643.pkl,2.7525110244750977
14648.pkl,2.867163896560669
14657.pkl,3.09641695022583
14659.pkl,2.989711284637451
14662.pkl,3.103199005126953
14665.pkl,2.9402568340301514
14688.pkl,2.9114511013031006
14693.pkl,3.9294235706329346
14701.pkl,2.847172260284424
14722.pkl,2.808206558227539
14726.pkl,3.0977518558502197
14729.pkl,2.854702949523926
14734.pkl,2.9728541374206543
14742.pkl,2.842827558517456
14754.pkl,2.990123748779297
14755.pkl,2.9631400108337402
14756.pkl,2.8876166343688965
14757.pkl,3.3834333419799805
14760.pkl,2.988294839859009
14770.pkl,2.9631826877593994
14787.pkl,2.808274507522583
14788.pkl,3.373978853225708
14791.pkl,2.8248610496520996
14800.pkl,2.992725133895874
14803.pkl,2.941481113433838
14806.pkl,3.0601718425750732
14810.pkl,3.2787466049194336
14827.pkl,3.071310043334961
14828.pkl,2.9152400493621826
14837.pkl,2.954373359680176
14857.pkl,3.101503610610962
14868.pkl,3.194070816040039
14882.pkl,2.9897263050079346
14891.pkl,3.2336015701293945
14898.pkl,3.1753993034362793
14939.pkl,2.8647513389587402
14942.pkl,3.019102096557617
14954.pkl,2.85673189163208
14973.pkl,3.0840773582458496
14976.pkl,2.630037784576416
14982.pkl,3.936608076095581
14986.pkl,2.480358600616455
14988.pkl,3.0768771171569824
15000.pkl,3.0329408645629883
15006.pkl,2.8913702964782715
15018.pkl,3.6712515354156494
15020.pkl,3.3588008880615234
15028.pkl,2.796034097671509
15031.pkl,2.940800666809082
15032.pkl,2.9891953468322754
15033.pkl,2.8016982078552246
15036.pkl,2.9582512378692627
15038.pkl,2.8767800331115723
15045.pkl,3.074793815612793
15053.pkl,3.1484365463256836
15062.pkl,2.461749792098999
15063.pkl,2.591237783432007
15068.pkl,2.9303176403045654
15095.pkl,2.9308135509490967
15097.pkl,2.0651326179504395
15098.pkl,2.3809115886688232
15099.pkl,3.015192985534668
15107.pkl,2.863996744155884
15108.pkl,2.944655656814575
15122.pkl,3.413719892501831
15127.pkl,2.6079347133636475
15157.pkl,2.784010410308838
15158.pkl,3.0564088821411133
15168.pkl,2.7805981636047363
15169.pkl,2.9105429649353027
15172.pkl,3.008373498916626
15176.pkl,2.9592373371124268
15178.pkl,2.91866135597229
15185.pkl,2.808154582977295
15189.pkl,3.0829477310180664
15190.pkl,2.9840362071990967
15201.pkl,3.0318334102630615
15205.pkl,2.8708412647247314
15206.pkl,2.9788031578063965
15214.pkl,4.201523780822754
15227.pkl,2.938328504562378
15229.pkl,2.9370999336242676
15236.pkl,3.053713083267212
15237.pkl,3.0998318195343018
15239.pkl,2.8500208854675293
15252.pkl,3.5034759044647217
15253.pkl,3.4267191886901855
15255.pkl,3.1922495365142822
15264.pkl,2.9597249031066895
15265.pkl,2.9467854499816895
15298.pkl,2.8680367469787598
15304.pkl,2.9689173698425293
15320.pkl,2.8293352127075195
15344.pkl,2.955958366394043
15355.pkl,3.2656288146972656
15360.pkl,2.9308199882507324
15367.pkl,3.2485415935516357
15370.pkl,3.5050134658813477
15375.pkl,3.9363553524017334
15377.pkl,2.879154682159424
15396.pkl,3.4911961555480957
15397.pkl,3.137758255004883
15399.pkl,3.0483455657958984
15407.pkl,2.8526456356048584
15412.pkl,2.8416378498077393
15423.pkl,3.0161962509155273
15424.pkl,2.8724679946899414
15427.pkl,3.0104503631591797
15431.pkl,2.910524606704712
15432.pkl,2.954357147216797
15435.pkl,3.0750293731689453
15440.pkl,2.873142957687378
15447.pkl,3.02292537689209
15454.pkl,2.8378794193267822
15475.pkl,3.142036199569702
15477.pkl,2.735053539276123
15481.pkl,3.2163450717926025
15484.pkl,3.139498233795166
15493.pkl,2.853384494781494
15520.pkl,2.9682304859161377
15523.pkl,3.0220961570739746
15540.pkl,2.3557679653167725
15542.pkl,2.9700214862823486
15543.pkl,2.588449001312256
15549.pkl,2.864330530166626
15555.pkl,3.1988730430603027
15560.pkl,3.7750303745269775
15562.pkl,3.086656093597412
15582.pkl,2.462630033493042
15590.pkl,2.6733241081237793
15596.pkl,2.573218822479248
15597.pkl,3.411487102508545
15604.pkl,2.949200391769409
15606.pkl,3.024409532546997
15616.pkl,3.0061261653900146
15620.pkl,3.0971429347991943
15646.pkl,3.198166847229004
15653.pkl,2.91182017326355
15661.pkl,2.7169437408447266
15672.pkl,2.795653820037842
15675.pkl,3.0371367931365967
15678.pkl,3.036409616470337
15680.pkl,3.024108648300171
15682.pkl,3.0769550800323486
15691.pkl,1.5562446117401123
15695.pkl,3.7875218391418457
15700.pkl,3.224503755569458
15707.pkl,2.873291254043579
15726.pkl,2.95658540725708
15743.pkl,3.097893476486206
15752.pkl,3.154353380203247
15760.pkl,2.91034197807312
15761.pkl,2.774606704711914
15767.pkl,2.4429361820220947
15771.pkl,2.9112672805786133
15793.pkl,3.0290210247039795
15800.pkl,2.9480080604553223
15801.pkl,2.828555107116699
15809.pkl,3.358466148376465
15839.pkl,3.351439952850342
15840.pkl,2.629270315170288
15849.pkl,3.3380064964294434
15855.pkl,2.7093684673309326
15856.pkl,2.819927930831909
15862.pkl,2.831166982650757
15868.pkl,3.2581238746643066
15872.pkl,2.893173933029175
15885.pkl,2.7767133712768555
15886.pkl,2.9948832988739014
15892.pkl,2.8850882053375244
15898.pkl,2.8359358310699463
15901.pkl,3.737443208694458
15903.pkl,2.8013904094696045
15907.pkl,3.472478151321411
15913.pkl,3.326598882675171
15918.pkl,2.670053005218506
15922.pkl,3.133807420730591
15937.pkl,3.2557766437530518
15941.pkl,2.9436275959014893
15961.pkl,2.591141700744629
15969.pkl,2.6998281478881836
15976.pkl,2.78066349029541
15990.pkl,2.931999921798706
16009.pkl,2.9747884273529053
16029.pkl,3.4980616569519043
16031.pkl,3.238666296005249
16044.pkl,3.2256782054901123
16060.pkl,2.9899861812591553
16064.pkl,3.78580379486084
16071.pkl,2.8941056728363037
16075.pkl,2.855236291885376
16079.pkl,2.995637893676758
16086.pkl,3.524329900741577
16089.pkl,2.9569251537323
16094.pkl,2.867133855819702
16096.pkl,3.129258871078491
16098.pkl,2.9378087520599365
16101.pkl,2.9108376502990723
16102.pkl,2.9956274032592773
16104.pkl,2.9708364009857178
16105.pkl,3.0663952827453613
16116.pkl,2.894338607788086
16119.pkl,2.9416372776031494
16120.pkl,3.214275598526001
16121.pkl,3.0822246074676514
16124.pkl,3.1468169689178467
16125.pkl,2.7648205757141113
16168.pkl,3.095738410949707
16181.pkl,2.930525541305542
16187.pkl,2.719541072845459
16204.pkl,3.1105620861053467
16208.pkl,3.2198758125305176
16210.pkl,2.9398374557495117
16213.pkl,3.116964340209961
16220.pkl,2.959381103515625
16243.pkl,2.8602030277252197
16281.pkl,2.9245927333831787
16285.pkl,2.970283031463623
16286.pkl,2.8721115589141846
16294.pkl,2.7763161659240723
16298.pkl,2.9568932056427
16305.pkl,3.112968683242798
16306.pkl,2.7997419834136963
16310.pkl,3.022444248199463
16312.pkl,2.4950180053710938
16318.pkl,2.5803253650665283
16324.pkl,3.040605306625366
16342.pkl,3.4036319255828857
16349.pkl,3.0524728298187256
16358.pkl,2.9960832595825195
16367.pkl,2.7569239139556885
16368.pkl,2.6143195629119873
16371.pkl,2.833449602127075
16384.pkl,2.907454013824463
16407.pkl,2.8988568782806396
16416.pkl,2.6437039375305176
16420.pkl,1.1766955852508545
16426.pkl,3.084902763366699
16443.pkl,2.945969820022583
16447.pkl,2.957411289215088
16448.pkl,2.7534244060516357
16459.pkl,3.107692003250122
16466.pkl,2.945094347000122
16473.pkl,3.3870532512664795
16496.pkl,2.7355878353118896
16516.pkl,3.219655990600586
16517.pkl,2.9261951446533203
16520.pkl,3.070164680480957
16525.pkl,2.98964524269104
16539.pkl,3.233328104019165
16546.pkl,3.8324170112609863
16552.pkl,3.006960391998291
16562.pkl,2.955831527709961
16565.pkl,3.307044267654419
16568.pkl,3.585085391998291
16579.pkl,2.9094607830047607
16584.pkl,2.8287177085876465
16586.pkl,2.7981674671173096
16593.pkl,3.123555898666382
16600.pkl,2.927905797958374
16604.pkl,2.8303332328796387
16611.pkl,2.839115858078003
16614.pkl,2.8397083282470703
16619.pkl,3.449270725250244
16620.pkl,3.4862613677978516
16624.pkl,2.8382041454315186
16626.pkl,3.109628438949585
16627.pkl,2.949517250061035
16636.pkl,2.990710735321045
16639.pkl,3.1589906215667725
16642.pkl,2.2694575786590576
16648.pkl,2.9576003551483154
16665.pkl,2.939028024673462
16681.pkl,3.343409776687622
16683.pkl,3.5445244312286377
16684.pkl,2.996273994445801
16686.pkl,3.098540782928467
16696.pkl,2.557971477508545
16733.pkl,3.0043680667877197
16735.pkl,3.103625774383545
16746.pkl,3.038296699523926
16747.pkl,3.040851593017578
16754.pkl,2.995800495147705
16758.pkl,3.6631133556365967
16762.pkl,3.7721855640411377
16773.pkl,3.0293326377868652
16777.pkl,3.4293954372406006
16798.pkl,3.3032264709472656
16801.pkl,3.1536190509796143
16820.pkl,2.865355968475342
16839.pkl,3.0234625339508057
16848.pkl,3.429215669631958
16854.pkl,2.5869081020355225
16867.pkl,2.984928846359253
16872.pkl,3.2610766887664795
16877.pkl,3.025021553039551
16880.pkl,3.039992332458496
16886.pkl,2.681344985961914
16894.pkl,2.8038341999053955
16901.pkl,2.876708745956421
16903.pkl,2.7702462673187256
16910.pkl,3.0494704246520996
16911.pkl,3.4446237087249756
16912.pkl,3.208702802658081
16914.pkl,2.944251775741577
16920.pkl,2.9967527389526367
16922.pkl,2.8665339946746826
16930.pkl,2.7136178016662598
16935.pkl,2.588689088821411
16938.pkl,3.0555577278137207
16953.pkl,2.96852970123291
16985.pkl,3.138796091079712
16986.pkl,2.7038590908050537
16996.pkl,2.8778231143951416
17008.pkl,3.008486747741699
17015.pkl,2.983672618865967
17018.pkl,3.156136989593506
17023.pkl,3.1266865730285645
17031.pkl,3.198286771774292
17041.pkl,3.1143417358398438
17052.pkl,3.072988510131836
17059.pkl,2.9628186225891113
17068.pkl,2.9543333053588867
17071.pkl,2.6883609294891357
17077.pkl,3.0005409717559814
17085.pkl,2.586414098739624
17095.pkl,2.7207911014556885
17102.pkl,2.8350718021392822
17105.pkl,2.833662271499634
17125.pkl,3.1114933490753174
17127.pkl,2.972419261932373
17128.pkl,2.797844171524048
17129.pkl,3.3987209796905518
17131.pkl,3.130892038345337
17143.pkl,3.607059955596924
17149.pkl,3.71358060836792
17163.pkl,3.1150524616241455
17166.pkl,3.0403640270233154
17170.pkl,3.1271190643310547
17173.pkl,2.949617624282837
17178.pkl,2.7870981693267822
17180.pkl,3.1658530235290527
17188.pkl,2.7707712650299072
17189.pkl,2.944855213165283
17197.pkl,3.535170316696167
17201.pkl,2.9419376850128174
17209.pkl,2.744438648223877
17212.pkl,2.9904637336730957
17214.pkl,3.2230136394500732
17221.pkl,2.9640722274780273
17229.pkl,2.844721794128418
17230.pkl,3.1429388523101807
17233.pkl,2.9002273082733154
17235.pkl,3.0334813594818115
17236.pkl,3.015164375305176
17238.pkl,3.07433819770813
17241.pkl,3.1126725673675537
17250.pkl,3.1801161766052246
17258.pkl,3.0607261657714844
17260.pkl,2.9825665950775146
17263.pkl,3.7314414978027344
17280.pkl,2.7405622005462646
17281.pkl,3.017061948776245
17283.pkl,2.950437307357788
17291.pkl,2.913271427154541
17293.pkl,3.634551763534546
17297.pkl,2.9358255863189697
17323.pkl,2.8926339149475098
17330.pkl,2.6201891899108887
17333.pkl,3.0431199073791504
17338.pkl,2.9926490783691406
17340.pkl,3.0667026042938232
17342.pkl,3.3477959632873535
17344.pkl,2.9877214431762695
17346.pkl,2.9999196529388428
17348.pkl,3.1368567943573
17375.pkl,2.968043565750122
17379.pkl,3.09208345413208
17380.pkl,3.087127923965454
17381.pkl,2.974425792694092
17386.pkl,3.0036404132843018
17408.pkl,2.7492096424102783
17411.pkl,2.9585187435150146
17412.pkl,2.876847982406616
17413.pkl,3.08034348487854
17421.pkl,2.9342939853668213
17436.pkl,2.7523205280303955
17458.pkl,2.931084632873535
17465.pkl,3.0839624404907227
17482.pkl,3.3209455013275146
17491.pkl,2.761591672897339
17515.pkl,2.853742837905884
17521.pkl,2.996633291244507
17526.pkl,2.2384841442108154
17528.pkl,2.846383571624756
17539.pkl,2.9369561672210693
17551.pkl,3.0649213790893555
17556.pkl,3.2681145668029785
17557.pkl,2.852725028991699
17559.pkl,3.040135145187378
17561.pkl,3.6552813053131104
17569.pkl,3.1711580753326416
17578.pkl,3.145512342453003
17579.pkl,3.0565080642700195
17580.pkl,3.0599076747894287
17592.pkl,2.324265956878662
17606.pkl,2.9497807025909424
17607.pkl,2.856295585632324
17608.pkl,2.5438122749328613
17618.pkl,3.7263197898864746
17631.pkl,2.8156321048736572
17632.pkl,3.0807571411132812
17643.pkl,2.982337236404419
17652.pkl,3.2128937244415283
17657.pkl,2.9675869941711426
17659.pkl,3.224236488342285
17660.pkl,3.3184564113616943
17667.pkl,3.0933268070220947
17672.pkl,2.989490270614624
17674.pkl,3.0772526264190674
17678.pkl,3.174386978149414
17685.pkl,3.974619150161743
17691.pkl,3.133554220199585
17696.pkl,2.929358720779419
17699.pkl,2.8512985706329346
17700.pkl,2.9397406578063965
17702.pkl,2.998060941696167
17703.pkl,2.92861270904541
17713.pkl,3.1085636615753174
17723.pkl,3.4010062217712402
17726.pkl,2.9938671588897705
17733.pkl,3.122997999191284
17737.pkl,2.938568592071533
17738.pkl,3.000200033187866
17746.pkl,3.1677498817443848
17750.pkl,2.8436098098754883
17756.pkl,3.516535758972168
17771.pkl,2.95536470413208
17775.pkl,3.00386118888855
17779.pkl,2.848693609237671
17783.pkl,3.372750759124756
17784.pkl,2.893322706222534
17786.pkl,3.0009689331054688
17789.pkl,2.973565101623535
17805.pkl,2.6445178985595703
17821.pkl,3.5256083011627197
17824.pkl,2.8338136672973633
17837.pkl,3.0765013694763184
17841.pkl,2.848095655441284
17843.pkl,2.9267029762268066
17849.pkl,3.561413049697876
17868.pkl,3.3107099533081055
17873.pkl,2.806436538696289
17895.pkl,2.7993557453155518
17906.pkl,3.1850106716156006
17915.pkl,3.064425468444824
17922.pkl,3.3456645011901855
17924.pkl,3.086981773376465
17933.pkl,3.0992982387542725
17934.pkl,2.7438595294952393
17936.pkl,3.2315316200256348
17944.pkl,3.040778398513794
17952.pkl,3.060899257659912
17959.pkl,2.9463319778442383
17960.pkl,2.978101968765259
17963.pkl,3.374034881591797
17970.pkl,4.246453285217285
17971.pkl,3.0364444255828857
17983.pkl,2.956390857696533
17985.pkl,3.177459716796875
17990.pkl,2.7908976078033447
17998.pkl,2.695451498031616
18002.pkl,3.1557705402374268
18005.pkl,2.7294745445251465
18011.pkl,3.649718761444092
18016.pkl,2.6906816959381104
18020.pkl,3.1637556552886963
18025.pkl,2.8850719928741455
18026.pkl,3.0881078243255615
18027.pkl,3.213487148284912
18028.pkl,2.961190938949585
18032.pkl,2.6145095825195312
18039.pkl,3.108407974243164
18050.pkl,2.99003529548645
18055.pkl,2.718400716781616
18063.pkl,2.519380807876587
18066.pkl,2.978839159011841
18070.pkl,3.0811192989349365
18076.pkl,2.846013307571411
18078.pkl,2.806398630142212
18085.pkl,3.1710569858551025
18109.pkl,2.827585458755493
18113.pkl,3.8779382705688477
18121.pkl,2.8893961906433105
18123.pkl,2.972865104675293
18145.pkl,2.435067892074585
18147.pkl,2.97174072265625
18156.pkl,3.1080708503723145
18158.pkl,2.857745409011841
18163.pkl,2.920855760574341
18168.pkl,2.903639078140259
18185.pkl,2.849546432495117
18187.pkl,2.881190061569214
18194.pkl,3.171483039855957
18198.pkl,3.0790953636169434
18199.pkl,2.989806890487671
18200.pkl,2.926412343978882
18210.pkl,3.134718656539917
18214.pkl,2.9854860305786133
18215.pkl,3.0036160945892334
18231.pkl,3.1066181659698486
18234.pkl,3.438260316848755
18243.pkl,4.444362640380859
18244.pkl,3.3052899837493896
18253.pkl,3.10660457611084
18259.pkl,2.854081869125366
18267.pkl,2.8253183364868164
18276.pkl,2.8609187602996826
18278.pkl,3.03341007232666
18282.pkl,2.9843311309814453
18283.pkl,3.094975709915161
18287.pkl,3.861386775970459
18323.pkl,3.1410703659057617
18332.pkl,3.5000388622283936
18333.pkl,3.255383014678955
18336.pkl,2.9668829441070557
18350.pkl,2.7054615020751953
18364.pkl,3.3222756385803223
18366.pkl,2.760707139968872
18367.pkl,2.9150021076202393
18370.pkl,3.0051119327545166
18378.pkl,2.897247791290283
18405.pkl,3.0949795246124268
18406.pkl,3.1326160430908203
18417.pkl,2.808178186416626
18420.pkl,2.868730068206787
18422.pkl,2.697827100753784
18423.pkl,3.1073992252349854
18424.pkl,3.0733442306518555
18433.pkl,3.6290106773376465
18436.pkl,3.006657600402832
18440.pkl,3.3984081745147705
18449.pkl,3.4639031887054443
18451.pkl,2.91072940826416
18461.pkl,3.0575125217437744
18465.pkl,3.0951168537139893
18487.pkl,3.091167449951172
18490.pkl,3.095205545425415
18491.pkl,3.077094078063965
18501.pkl,2.986177921295166
18507.pkl,2.845365524291992
18513.pkl,2.609588384628296
18524.pkl,1.165054440498352
18535.pkl,2.874119520187378
18546.pkl,2.828136920928955
18550.pkl,3.3353965282440186
18553.pkl,2.973583459854126
18555.pkl,3.035043954849243
18557.pkl,3.082829475402832
18563.pkl,2.941235065460205
18566.pkl,2.8976521492004395
18573.pkl,2.7964835166931152
18587.pkl,3.0082099437713623
18591.pkl,3.537971258163452
18601.pkl,2.878875494003296
18604.pkl,3.1686272621154785
18608.pkl,3.1493592262268066
18617.pkl,2.9474172592163086
18621.pkl,3.026265859603882
18622.pkl,2.88531756401062
18636.pkl,2.8796393871307373
18642.pkl,3.441448926925659
18645.pkl,3.068822145462036
18652.pkl,2.8246819972991943
18672.pkl,3.4305167198181152
18674.pkl,2.9168176651000977
18684.pkl,3.286862850189209
18688.pkl,2.884711742401123
18692.pkl,2.865068197250366
18693.pkl,2.7763588428497314
18702.pkl,2.8672473430633545
18703.pkl,2.6629791259765625
18709.pkl,2.634126663208008
18714.pkl,2.9669742584228516
18716.pkl,2.863812208175659
18717.pkl,2.8615410327911377
18719.pkl,3.010538101196289
18722.pkl,3.1203911304473877
18730.pkl,2.785734176635742
18732.pkl,3.280590772628784
18753.pkl,2.962442398071289
18766.pkl,3.3279497623443604
18769.pkl,3.2723755836486816
18788.pkl,2.8017191886901855
18798.pkl,3.0187785625457764
18803.pkl,3.3759987354278564
18804.pkl,3.0843493938446045
18816.pkl,3.2460434436798096
18821.pkl,3.1075477600097656
18828.pkl,3.271986246109009
18838.pkl,2.7055716514587402
18841.pkl,2.7992098331451416
18845.pkl,2.96079421043396
18851.pkl,2.9691500663757324
18852.pkl,2.9287023544311523
18863.pkl,2.4635660648345947
18867.pkl,2.9761435985565186
18869.pkl,2.881558895111084
18871.pkl,3.3580470085144043
18873.pkl,2.465332508087158
18875.pkl,2.829174041748047
18880.pkl,3.06187105178833
18884.pkl,2.8922512531280518
18892.pkl,3.0375497341156006
18896.pkl,3.1212568283081055
18900.pkl,2.939725875854492
18904.pkl,3.0111758708953857
18910.pkl,3.3043081760406494
18919.pkl,3.0022482872009277
18922.pkl,3.0410261154174805
18924.pkl,3.278459310531616
18932.pkl,3.4933829307556152
18938.pkl,2.964967727661133
18940.pkl,3.107182502746582
18947.pkl,2.860851764678955
18949.pkl,2.9337360858917236
18956.pkl,2.8930771350860596
18971.pkl,3.0126192569732666
18980.pkl,3.130060911178589
18988.pkl,2.9081101417541504
18994.pkl,3.6577987670898438
19003.pkl,3.0995728969573975
19006.pkl,2.7025914192199707
19009.pkl,2.988743782043457
19010.pkl,2.825906991958618
19015.pkl,2.8999645709991455
19033.pkl,3.1333234310150146
19049.pkl,2.6542389392852783
19052.pkl,2.72332763671875
19054.pkl,2.9781689643859863
19059.pkl,3.1896493434906006
19060.pkl,3.1232171058654785
19071.pkl,3.0122382640838623
19077.pkl,3.1223056316375732
19080.pkl,3.174598455429077
19096.pkl,2.8547122478485107
19104.pkl,2.94753360748291
19107.pkl,2.6818559169769287
19117.pkl,2.989617347717285
19127.pkl,2.8117239475250244
19130.pkl,3.069988489151001
19135.pkl,3.334211587905884
19136.pkl,2.9406015872955322
19142.pkl,2.987257242202759
19143.pkl,3.179419994354248
19145.pkl,2.7487235069274902
19147.pkl,2.901792287826538
19148.pkl,2.859729290008545
19173.pkl,2.9316186904907227
19189.pkl,2.729363203048706
19193.pkl,3.261148691177368
19234.pkl,3.3784425258636475
19236.pkl,2.948972463607788
19237.pkl,2.9439585208892822
19242.pkl,2.8854501247406006
19244.pkl,2.9935381412506104
19288.pkl,2.3194053173065186
19302.pkl,3.227313995361328
19305.pkl,3.2539641857147217
19309.pkl,3.042416572570801
19317.pkl,2.9558558464050293
19318.pkl,2.993215799331665
19320.pkl,2.835944890975952
19322.pkl,3.417959690093994
19327.pkl,4.050013065338135
19330.pkl,2.843372344970703
19339.pkl,2.9832072257995605
19344.pkl,2.973034620285034
19351.pkl,2.8387792110443115
19353.pkl,2.9827537536621094
19360.pkl,3.6020469665527344
19382.pkl,2.8502848148345947
19383.pkl,2.880140781402588
19388.pkl,2.363429546356201
19397.pkl,3.040627956390381
19399.pkl,3.0061593055725098
19436.pkl,2.95474910736084
19445.pkl,3.063441514968872
19451.pkl,2.9699015617370605
19453.pkl,3.0158536434173584
19471.pkl,2.895134449005127
19472.pkl,3.0752928256988525
19474.pkl,3.003028631210327
19481.pkl,2.2924885749816895
19491.pkl,2.8880531787872314
19514.pkl,2.854417085647583
19516.pkl,2.9887781143188477
19521.pkl,3.039421796798706
19526.pkl,2.7414517402648926
19527.pkl,3.289578676223755
19550.pkl,3.633204221725464
19552.pkl,2.821685791015625
19570.pkl,2.986933469772339
19576.pkl,2.876466989517212
19586.pkl,3.594928503036499
19588.pkl,3.002204418182373
19595.pkl,2.759429454803467
19597.pkl,4.061299800872803
19604.pkl,3.0738587379455566
19610.pkl,3.407315969467163
19615.pkl,3.5299911499023438
19634.pkl,2.5727040767669678
19635.pkl,2.93133282661438
19639.pkl,3.0464084148406982
19640.pkl,3.9030699729919434
19641.pkl,2.919553279876709
19642.pkl,3.2271649837493896
19654.pkl,3.1089107990264893
19659.pkl,3.512195587158203
19665.pkl,3.0477898120880127
19670.pkl,2.9568018913269043
19685.pkl,2.4880943298339844
19689.pkl,3.1476690769195557
19699.pkl,2.8690249919891357
19704.pkl,3.080911159515381
19708.pkl,1.0002508163452148
19711.pkl,2.890827178955078
19720.pkl,2.1723122596740723
19734.pkl,1.5462349653244019
19739.pkl,0.4094051420688629
19743.pkl,3.0422375202178955
19753.pkl,2.8659374713897705
19754.pkl,2.840284585952759
19760.pkl,1.027713656425476
19777.pkl,2.88848614692688
19778.pkl,2.911646842956543
19784.pkl,2.5105016231536865
19793.pkl,2.944640636444092
19823.pkl,2.9423840045928955
19825.pkl,2.445667028427124
19827.pkl,3.0938572883605957
19865.pkl,3.2898290157318115
19878.pkl,3.0601706504821777
19882.pkl,2.9647300243377686
19894.pkl,3.2057032585144043
19902.pkl,2.8090322017669678
19913.pkl,2.8771791458129883
19928.pkl,2.8594250679016113
19929.pkl,2.964089870452881
19934.pkl,3.12986421585083
19941.pkl,2.7971384525299072
19943.pkl,2.9018943309783936
19957.pkl,2.979651689529419
19958.pkl,3.767732858657837
19959.pkl,2.991420269012451
19968.pkl,2.91679048538208
19977.pkl,3.0102152824401855
19980.pkl,3.289717674255371
19999.pkl,3.064852714538574
20006.pkl,2.9511802196502686
20012.pkl,3.1836018562316895
20018.pkl,3.336411952972412
20030.pkl,2.676703453063965
20031.pkl,2.9346721172332764
20041.pkl,2.9659698009490967
20051.pkl,3.0855228900909424
20056.pkl,2.6625900268554688
20075.pkl,2.7751660346984863
20092.pkl,3.0200932025909424
20097.pkl,2.849090814590454
20109.pkl,3.371384859085083
20112.pkl,2.946475028991699
20113.pkl,3.123202085494995
20128.pkl,3.3492536544799805
20130.pkl,2.872896432876587
20137.pkl,2.862403631210327
20170.pkl,2.8484385013580322
20177.pkl,3.0238137245178223
20180.pkl,3.0794312953948975
20187.pkl,2.9779369831085205
20194.pkl,2.7766900062561035
20198.pkl,3.1400485038757324
20203.pkl,3.131110429763794
20208.pkl,3.522925853729248
20214.pkl,3.3089826107025146
20215.pkl,3.1523735523223877
20227.pkl,2.545947790145874
20240.pkl,3.1035284996032715
20242.pkl,2.864762544631958
20254.pkl,2.9686872959136963
20258.pkl,3.2386038303375244
20262.pkl,2.9803714752197266
20264.pkl,3.048222780227661
20265.pkl,2.9991321563720703
20282.pkl,3.174685001373291
20285.pkl,2.5618746280670166
20287.pkl,2.9848222732543945
20300.pkl,3.131640911102295
20304.pkl,2.803597927093506
20318.pkl,3.0247802734375
20321.pkl,2.517794609069824
20326.pkl,3.225245952606201
20329.pkl,3.0674993991851807
20334.pkl,2.932476043701172
20337.pkl,3.0745725631713867
20354.pkl,3.207838535308838
20363.pkl,2.880016803741455
20365.pkl,2.5994033813476562
20377.pkl,3.010956287384033
20387.pkl,3.4326727390289307
20401.pkl,2.9223599433898926
20403.pkl,3.195795774459839
20404.pkl,3.0199615955352783
20420.pkl,2.856942892074585
20421.pkl,3.069268226623535
20443.pkl,3.0373799800872803
20444.pkl,1.8137441873550415
20458.pkl,2.898054838180542
20474.pkl,2.7521214485168457
20484.pkl,3.4190073013305664
20491.pkl,3.0418930053710938
20501.pkl,2.7805542945861816
20503.pkl,2.851480484008789
20512.pkl,2.801867961883545
20515.pkl,3.2303059101104736
20525.pkl,3.019155979156494
20539.pkl,2.967886209487915
20547.pkl,2.7181127071380615
20550.pkl,3.0671348571777344
20557.pkl,2.887637138366699
20565.pkl,2.318352460861206
20567.pkl,3.8485264778137207
20570.pkl,2.9307494163513184
20577.pkl,2.571598768234253
20588.pkl,2.889662265777588
20603.pkl,2.0102806091308594
20607.pkl,2.77386736869812
20615.pkl,2.6541783809661865
20621.pkl,1.9990359544754028
20622.pkl,3.265747547149658
20623.pkl,3.391713857650757
20637.pkl,3.1669692993164062
20648.pkl,1.5394717454910278
20649.pkl,2.778588056564331
20653.pkl,3.0338222980499268
20661.pkl,2.999493360519409
20666.pkl,3.0176773071289062
20671.pkl,2.8522908687591553
20675.pkl,2.761852979660034
20677.pkl,3.0028810501098633
20678.pkl,2.7151267528533936
20679.pkl,3.179380416870117
20697.pkl,2.901733875274658
20704.pkl,2.698286294937134
20709.pkl,3.3420591354370117
20711.pkl,2.638256788253784
20712.pkl,2.7946231365203857
20714.pkl,3.2681097984313965
20723.pkl,3.28053617477417
20734.pkl,3.2636055946350098
20737.pkl,2.8250625133514404
20748.pkl,3.075578451156616
20768.pkl,2.876131296157837
20769.pkl,3.02358078956604
20773.pkl,2.8143222332000732
20775.pkl,3.0855417251586914
20789.pkl,3.0339040756225586
20790.pkl,2.9715147018432617
20795.pkl,3.0735034942626953
20797.pkl,3.881028175354004
20799.pkl,2.983882427215576
20810.pkl,2.9712328910827637
20816.pkl,3.4129321575164795
20817.pkl,3.3217220306396484
20822.pkl,3.054048776626587
20824.pkl,3.0705313682556152
20827.pkl,2.7558465003967285
20840.pkl,3.603299856185913
20857.pkl,3.281742811203003
20858.pkl,2.9315567016601562
20865.pkl,2.7380878925323486
20866.pkl,2.9880406856536865
20867.pkl,3.0019044876098633
20874.pkl,3.178377866744995
20876.pkl,2.9062678813934326
20882.pkl,3.085283041000366
20888.pkl,2.8776607513427734
20892.pkl,3.6114771366119385
20893.pkl,1.8681176900863647
20894.pkl,2.974062204360962
20897.pkl,3.162038803100586
20899.pkl,3.082601308822632
20904.pkl,2.874800443649292
20907.pkl,3.64912748336792
20911.pkl,2.9792520999908447
20920.pkl,2.4802558422088623
20921.pkl,3.5675766468048096
20928.pkl,2.946911334991455
20929.pkl,2.863274574279785
20951.pkl,3.049844741821289
20966.pkl,3.1983606815338135
20970.pkl,4.0061163902282715
20980.pkl,3.112771511077881
20997.pkl,2.827392578125
20998.pkl,2.937741279602051
21001.pkl,2.945477247238159
21004.pkl,2.7760372161865234
21007.pkl,3.0004429817199707
21008.pkl,3.3452908992767334
21013.pkl,2.6384856700897217
21014.pkl,3.01071834564209
21026.pkl,2.841123104095459
21027.pkl,3.0227673053741455
21040.pkl,2.9522266387939453
21042.pkl,2.813506603240967
21062.pkl,3.632645606994629
21063.pkl,2.888225555419922
21066.pkl,2.9905762672424316
21070.pkl,3.314470052719116
21071.pkl,3.1495325565338135
21084.pkl,3.1962687969207764
21086.pkl,2.785041093826294
21089.pkl,2.9848151206970215
21100.pkl,2.915997266769409
21101.pkl,2.5840580463409424
21111.pkl,3.049565076828003
21114.pkl,3.0163426399230957
21116.pkl,2.9840893745422363
21117.pkl,3.0001840591430664
21125.pkl,3.093608856201172
21126.pkl,2.412656545639038
21130.pkl,3.235311269760132
21131.pkl,3.60898756980896
21132.pkl,3.061410903930664
21138.pkl,3.156707525253296
21141.pkl,3.0988986492156982
21144.pkl,2.798046112060547
21145.pkl,3.2566475868225098
21148.pkl,2.773120164871216
21156.pkl,2.789125919342041
21165.pkl,3.062277317047119
21167.pkl,2.853250741958618
21185.pkl,2.962657928466797
21197.pkl,3.1704092025756836
21201.pkl,2.9410059452056885
21203.pkl,3.718559503555298
21208.pkl,3.1428568363189697
21212.pkl,3.063542604446411
21215.pkl,2.8050804138183594
21216.pkl,2.981006145477295
21218.pkl,2.280299663543701
21231.pkl,3.1956663131713867
21240.pkl,3.2572884559631348
21255.pkl,3.454749345779419
21257.pkl,2.221801996231079
21261.pkl,3.008322238922119
21277.pkl,3.0104050636291504
21278.pkl,3.178816080093384
21282.pkl,3.183974266052246
21284.pkl,2.7672996520996094
21301.pkl,2.8305764198303223
21302.pkl,3.448143482208252
21309.pkl,3.104539632797241
21315.pkl,3.060131549835205
21328.pkl,2.8112237453460693
21332.pkl,3.181814432144165
21333.pkl,3.161032199859619
21354.pkl,2.968885898590088
21355.pkl,2.956592321395874
21356.pkl,3.3619658946990967
21357.pkl,2.8716189861297607
21358.pkl,3.3911542892456055
21380.pkl,3.0167322158813477
21382.pkl,3.309225082397461
21413.pkl,3.201930046081543
21414.pkl,3.120166301727295
21415.pkl,1.0683035850524902
21416.pkl,2.784430503845215
21424.pkl,2.901221752166748
21429.pkl,3.017948865890503
21445.pkl,3.146505355834961
21447.pkl,2.871628761291504
21448.pkl,2.912978410720825
21458.pkl,2.933934211730957
21466.pkl,2.9428632259368896
21490.pkl,2.6526577472686768
21499.pkl,2.8955655097961426
21500.pkl,2.9547410011291504
21506.pkl,3.1786751747131348
21511.pkl,2.937967538833618
21513.pkl,3.0267746448516846
21516.pkl,3.1290316581726074
21524.pkl,3.3502142429351807
21525.pkl,3.0944888591766357
21528.pkl,2.913381576538086
21531.pkl,3.0065579414367676
21550.pkl,2.282167673110962
21557.pkl,2.7547640800476074
21572.pkl,3.069532871246338
21573.pkl,3.150642156600952
21574.pkl,3.6912717819213867
21575.pkl,3.1926112174987793
21580.pkl,2.973442316055298
21607.pkl,3.069262742996216
21619.pkl,3.0224270820617676
21620.pkl,3.1215109825134277
21624.pkl,3.0877816677093506
21632.pkl,3.2676610946655273
21635.pkl,3.352599620819092
21637.pkl,2.6798760890960693
21650.pkl,3.183285713195801
21657.pkl,3.247811794281006
21662.pkl,3.2267861366271973
21664.pkl,3.110781192779541
21665.pkl,3.763852834701538
21668.pkl,3.2287182807922363
21673.pkl,3.035139560699463
21703.pkl,2.7527878284454346
21710.pkl,2.9722564220428467
21718.pkl,2.987123966217041
21720.pkl,3.0736637115478516
21724.pkl,2.129645824432373
21733.pkl,3.2306480407714844
21738.pkl,2.8369786739349365
21743.pkl,3.1140034198760986
21750.pkl,3.0588510036468506
21756.pkl,0.8359054327011108
21757.pkl,2.940553665161133
21764.pkl,2.8720924854278564
21765.pkl,2.992921829223633
21768.pkl,2.8010661602020264
21771.pkl,3.048597574234009
21784.pkl,2.9457623958587646
21786.pkl,3.548637628555298
21793.pkl,2.960616111755371
21794.pkl,3.104219436645508
21799.pkl,2.941932439804077
21806.pkl,2.84564471244812
21808.pkl,2.9543251991271973
21811.pkl,2.873702049255371
21812.pkl,3.2531089782714844
21826.pkl,3.585153102874756
21847.pkl,2.94793701171875
21860.pkl,3.221808910369873
21870.pkl,3.127552032470703
21883.pkl,2.8692331314086914
21884.pkl,2.945800304412842
21892.pkl,3.0833938121795654
21906.pkl,2.585171699523926
21916.pkl,3.1755006313323975
21928.pkl,3.191797971725464
21930.pkl,3.547755479812622
21942.pkl,3.7623822689056396
21943.pkl,2.923292636871338
21947.pkl,3.781085729598999
21966.pkl,3.0073118209838867
21974.pkl,3.058732509613037
21979.pkl,2.890599250793457
21980.pkl,2.9655189514160156
21992.pkl,3.730525016784668
21996.pkl,3.1149303913116455
22005.pkl,2.9931459426879883
22018.pkl,1.6391443014144897
22025.pkl,2.964437484741211
22027.pkl,2.9289793968200684
22036.pkl,2.9130759239196777
22039.pkl,2.996373176574707
22045.pkl,3.0921504497528076
22049.pkl,3.238415479660034
22058.pkl,4.104236125946045
22063.pkl,1.4969695806503296
22070.pkl,3.133765697479248
22073.pkl,3.062828302383423
22081.pkl,3.116600513458252
22084.pkl,2.8950090408325195
22089.pkl,3.359731435775757
22094.pkl,2.909723997116089
22095.pkl,3.0538330078125
22114.pkl,2.857208013534546
22128.pkl,3.0336735248565674
22132.pkl,2.214916944503784
22139.pkl,3.219153642654419
22140.pkl,3.3917484283447266
22142.pkl,2.9099442958831787
22158.pkl,2.9852216243743896
22170.pkl,2.8905115127563477
22185.pkl,3.1321346759796143
22187.pkl,2.928068161010742
22190.pkl,2.8785316944122314
22195.pkl,3.130258798599243
22197.pkl,3.122875928878784
22198.pkl,2.231887102127075
22201.pkl,2.928750991821289
22206.pkl,3.860800266265869
22230.pkl,2.9111902713775635
22240.pkl,3.000515937805176
22249.pkl,3.0280940532684326
22255.pkl,3.0313527584075928
22272.pkl,2.9103081226348877
22273.pkl,2.751631259918213
22279.pkl,2.8800363540649414
22299.pkl,2.9625256061553955
22310.pkl,3.539247989654541
22314.pkl,3.3911569118499756
22320.pkl,2.931943416595459
22326.pkl,2.8175854682922363
22332.pkl,3.1536552906036377
22350.pkl,2.876004934310913
22364.pkl,3.1764767169952393
22366.pkl,3.161041736602783
22381.pkl,2.892381429672241
22393.pkl,3.0671796798706055
22394.pkl,3.0847482681274414
22400.pkl,3.276754140853882
22401.pkl,2.9280078411102295
22411.pkl,3.0041446685791016
